{"cameraMode":{"drawMode":0,"name":"Shaded","section":"Shading Mode"},"sceneLighting":false,"audioPlay":false,"sceneViewState":{"showFog":true,"showMaterialUpdate":false,"showSkybox":false,"showFlares":true,"showImageEffects":true,"showParticleSystems":true},"in2DMode":false,"pivot":{"x":-3.490000009536743,"y":1.5999999046325684,"z":-0.2497386932373047},"rotation":{"x":0.6391246318817139,"y":-0.027669278904795648,"z":0.023018591105937959,"w":0.7682610154151917},"size":1.6075135469436646,"orthographic":true}